{"global_step":12288,"train/approx_kl":1.46408565e-05,"train/clip_fraction":0,"train/learning_rate":5e-05,"train/loss":0.06621095,"train/clip_range":0.1,"train/explained_variance":-0.3989941,"train/policy_gradient_loss":-0.00032258197,"_wandb":{"runtime":26},"_step":119,"train/entropy_loss":-1.385569,"_runtime":26.174412371,"eval/mean_reward":5.8377485,"time/fps":511,"eval/mean_ep_length":307.4,"_timestamp":1.7374228358506203e+09,"train/value_loss":0.110783264}