{"eval/action_distribution":{"0":0,"1":0,"2":0,"3":1},"train/policy_gradient_loss":-0.00017842063,"eval/best_portfolio_value":6.295358946961188e+60,"eval/mean_portfolio_value":6.295358946961188e+60,"eval/worst_portfolio_value":6.295358946961188e+60,"time/fps":510,"train/entropy_loss":-1.3420185,"eval/std_reward":0.0011931672462563647,"_wandb":{"runtime":496},"_timestamp":1.7374234003093483e+09,"_runtime":496.476897814,"train/value_loss":0.10759405,"_step":1421,"train/explained_variance":0.13720495,"global_step":251904,"train/clip_range":0.1,"train/loss":0.03069588,"eval/mean_sharpe_ratio":11.285755377769378,"eval/mean_reward":10.420058525961883,"train/learning_rate":3e-05,"eval/mean_ep_length":366,"train/clip_fraction":0,"train/approx_kl":1.9847444e-05,"eval/mean_max_drawdown":0.9999999999813716}