{"train/learning_rate":0.0005,"train/explained_variance":0.88894486,"_step":406,"global_step":40000,"_runtime":70.20399656,"_wandb":{"runtime":70},"time/fps":602,"train/loss":0.045847397,"train/clip_range":0.2,"train/value_loss":0.12280517,"eval/mean_reward":8.158825e-19,"train/approx_kl":0.0063938717,"train/policy_gradient_loss":-0.0062425095,"_timestamp":1.737388594642505e+09,"eval/mean_ep_length":366,"train/clip_fraction":0.023828125,"train/entropy_loss":-0.95346344}