{"train/clip_fraction":0,"train/loss":-0.018108878,"eval/mean_portfolio_value":7.543465520398852,"global_step":250880,"train/value_loss":4.50421e-05,"_wandb":{"runtime":500},"train/explained_variance":-24.318586,"train/learning_rate":5e-05,"eval/mean_ep_length":366,"train/policy_gradient_loss":-0.0018472611,"eval/std_reward":1.4791715968007807e-16,"time/fps":506,"eval/best_portfolio_value":7.543465520398853,"_runtime":500.445980672,"train/clip_range":0.1,"eval/mean_sharpe_ratio":11.28571136968746,"train/entropy_loss":-1.3379922,"eval/mean_reward":1.4454944413861111e-13,"eval/action_distribution":{"3":0,"0":0,"1":1,"2":0},"_step":2641,"eval/mean_max_drawdown":0.9999991559986741,"_timestamp":1.73742269751019e+09,"eval/worst_portfolio_value":7.543465520398853,"train/approx_kl":0.00025867263}