{"train/clip_fraction":0.0001953125,"train/clip_range":0.1,"time/fps":480,"eval/mean_reward":0.0042253863,"train/approx_kl":0.00023741921,"train/policy_gradient_loss":-0.0009911645,"train/learning_rate":5e-05,"eval/mean_ep_length":366,"_runtime":346.186284033,"train/explained_variance":-1.8701756,"_timestamp":1.7374218459947433e+09,"global_step":165888,"train/value_loss":0.0012277728,"train/entropy_loss":-1.2124745,"train/loss":-0.013969129,"_wandb":{"runtime":346},"_step":1743}