{"train/approx_kl":0.014863981,"train/value_loss":5.2284067e-05,"train/entropy_loss":-0.96760553,"train/explained_variance":-4.1986394,"train/clip_fraction":0.16542968,"_runtime":851.713830631,"global_step":534528,"_wandb":{"runtime":853},"_step":2706,"_timestamp":1.737388359326443e+09,"train/learning_rate":0.0003,"eval/mean_ep_length":25,"train/loss":-0.05998164,"eval/mean_reward":1.6256594e-13,"train/policy_gradient_loss":-0.0340135,"train/clip_range":0.2,"time/fps":629}