{"train/entropy_loss":-0.016318245,"global_step":251904,"train/loss":-0.00016558183,"train/approx_kl":2.1173328e-06,"_runtime":382.795547869,"train/clip_range":0.1,"train/learning_rate":3e-05,"eval/mean_reward":-2.4319646,"_step":1421,"train/value_loss":0.00010085908,"train/explained_variance":-13.577166,"train/policy_gradient_loss":-1.6550888e-05,"time/fps":661,"_timestamp":1.7374807241251166e+09,"eval/mean_ep_length":1,"train/clip_fraction":0,"_wandb":{"runtime":382}}