{"train/clip_fraction":0.0025634766,"train/loss":-0.013115423,"_runtime":24.755427846,"eval/mean_ep_length":125.6,"global_step":14336,"train/learning_rate":0.0001,"eval/mean_reward":1.820151e-05,"_timestamp":1.7374214112118907e+09,"train/explained_variance":-1.2499573,"train/approx_kl":0.00084482017,"_step":65,"train/entropy_loss":-1.3843465,"_wandb":{"runtime":24},"time/fps":681,"train/policy_gradient_loss":-0.0020397305,"train/clip_range":0.1,"train/value_loss":0.01426247}