{"train/clip_range":0.1,"train/value_loss":0.0003616433,"train/entropy_loss":-1.3265308,"eval/std_reward":3.8734448968714186e-26,"eval/best_portfolio_value":7.694814814617319,"train/approx_kl":0.0011413057,"time/fps":538,"train/clip_fraction":0.018676758,"_timestamp":1.7373899006501973e+09,"eval/mean_max_drawdown":0.9999985932877987,"train/policy_gradient_loss":-0.0026426534,"eval/mean_ep_length":366,"eval/mean_portfolio_value":7.694814814617319,"global_step":251904,"train/learning_rate":0.0001,"eval/mean_reward":6.525575e-23,"eval/action_distribution":{"2":0,"3":0,"0":0.9207650273224044,"1":0.07923497267759563},"eval/worst_portfolio_value":7.694814814617319,"_runtime":471.351961917,"_wandb":{"runtime":471},"train/explained_variance":-23.928835,"_step":1322,"train/loss":-0.010113013,"eval/mean_sharpe_ratio":-1.5448747427326128e+17}